<?xml version="1.0" encoding="UTF-8"?>
<metadata xml:lang="en"><Esri><CreaDate>20161218</CreaDate><CreaTime>18522600</CreaTime><ArcGISFormat>1.0</ArcGISFormat><SyncOnce>TRUE</SyncOnce><DataProperties><lineage><Process ToolSource="c:\program files (x86)\arcgis\desktop10.3\ArcToolbox\Toolboxes\Conversion Tools.tbx\RasterToASCII" Date="20161218" Time="185226">RasterToASCII houghton_nlcd "E:\Houghton\Hougthon Land Cover\HoughtonLandCover.ASC"</Process></lineage></DataProperties></Esri></metadata>
